chr1	0	10000	p_telo
chr1	120535434	124535434	centro_pre_1Mb
chr1	121535434	124535434	centro
chr1	121535434	150535434	centro_post_26Mb
chr1	249240621	249250621	q_telo
chr1	247240621	249250621	q_telo_pre_2Mb
chr10	0	10000	p_telo
chr10	37254935	42254935	centro_pre_2Mb
chr10	39254935	42254935	centro
chr10	39254935	49254935	centro_post_7Mb
chr10	135524747	135534747	q_telo
chr10	134524747	135534747	q_telo_pre_1Mb
chr11	0	10000	p_telo
chr11	46644205	54644205	centro_pre_5Mb
chr11	51644205	54644205	centro
chr11	51644205	56644205	centro_post_2Mb
chr11	134996516	135006516	q_telo
chr11	130996516	135006516	q_telo_pre_4Mb
chr12	0	10000	p_telo
chr12	34856694	37856694	centro
chr12	34856694	39856694	centro_post_2Mb
chr12	133841895	133851895	q_telo
chr12	130841895	133851895	q_telo_pre_3Mb
chr13	0	10000	p_telo
chr13	0	20010000	p_telo_post_20Mb
chr13	16000000	19000000	centro
chr13	115159878	115169878	q_telo
chr13	110159878	115169878	q_telo_pre_5Mb
chr14	0	10000	p_telo
chr14	0	20010000	p_telo_post_20Mb
chr14	16000000	19000000	centro
chr14	107339540	107349540	q_telo
chr14	104339540	107349540	q_telo_pre_3Mb
chr15	0	10000	p_telo
chr15	0	30010000	p_telo_post_30Mb
chr15	17000000	20000000	centro
chr15	102521392	102531392	q_telo
chr15	100521392	102531392	q_telo_pre_2Mb
chr16	0	10000	p_telo
chr16	31335801	38335801	centro_pre_4Mb
chr16	35335801	38335801	centro
chr16	35335801	48335801	centro_post_20Mb
chr16	90344753	90354753	q_telo
chr17	21263006	25263006	centro_pre_1Mb
chr17	22263006	25263006	centro
chr17	22263006	26263006	centro_post_1Mb
chr17	79195210	81195210	q_telo_pre_2Mb
chr18	0	10000	p_telo
chr18	14460898	18460898	centro_pre_1Mb
chr18	15460898	18460898	centro
chr18	15460898	19460898	centro_post_1Mb
chr18	78067248	78077248	q_telo
chr18	76067248	78077248	q_telo_pre_2Mb
chr19	0	10000	p_telo
chr19	23681782	27681782	centro_pre_1Mb
chr19	24681782	27681782	centro
chr19	24681782	29681782	centro_post_2Mb
chr19	59118983	59128983	q_telo
chr2	0	10000	p_telo
chr2	86326171	95326171	centro_pre_7Mb
chr2	92326171	95326171	centro
chr2	92326171	99326171	centro_post_4Mb
chr2	243189373	243199373	q_telo
chr2	242189373	243199373	q_telo_pre_1Mb
chr20	0	10000	p_telo
chr20	24369569	29369569	centro_pre_2Mb
chr20	26369569	29369569	centro
chr20	26369569	31369569	centro_post_2Mb
chr20	63015520	63025520	q_telo
chr20	62015520	63025520	q_telo_pre_1Mb
chr21	0	10000	p_telo
chr21	0	14010000	p_telo_post_14Mb
chr21	11288129	14288129	centro
chr21	48119895	48129895	q_telo
chr22	0	10000	p_telo
chr22	0	18010000	p_telo_post_18Mb
chr22	13000000	16000000	centro
chr22	51294566	51304566	q_telo
chr22	46294566	51304566	q_telo_pre_5Mb
chr3	0	10000	p_telo
chr3	88504854	93504854	centro_pre_2Mb
chr3	90504854	93504854	centro
chr3	90504854	95504854	centro_post_2Mb
chr3	198012430	198022430	q_telo
chr3	196012430	198022430	q_telo_pre_2Mb
chr4	0	10000	p_telo
chr4	48660117	52660117	centro_pre_1Mb
chr4	49660117	52660117	centro
chr4	49660117	53660117	centro_post_1Mb
chr4	191144276	191154276	q_telo
chr4	189144276	191154276	q_telo_pre_2Mb
chr5	0	10000	p_telo
chr5	46405641	49405641	centro
chr5	46405641	51405641	centro_post_2Mb
chr5	68405641	74405641	peak_after_centro_6Mb
chr5	180905260	180915260	q_telo
chr5	178905260	180915260	q_telo_pre_2Mb
chr6	0	10000	p_telo
chr6	53830166	61830166	centro_pre_5Mb
chr6	58830166	61830166	centro
chr6	58830166	63830166	centro_post_2Mb
chr6	171105067	171115067	q_telo
chr6	169105067	171115067	q_telo_pre_2Mb
chr7	0	10000	p_telo
chr7	0	2010000	p_telo_post_2Mb
chr7	57054331	61054331	centro_pre_1Mb
chr7	58054331	61054331	centro
chr7	58054331	66054331	centro_post_5Mb
chr7	159128663	159138663	q_telo
chr7	158128663	159138663	q_telo_pre_1Mb
chr8	0	10000	p_telo
chr8	0	10010000	p_telo_post_10Mb
chr8	43838887	46838887	centro
chr8	43838887	47838887	centro_post_1Mb
chr8	146354022	146364022	q_telo
chr9	0	10000	p_telo
chr9	38367679	50367679	centro_pre_9Mb
chr9	47367679	50367679	centro
chr9	47367679	71367679	centro_post_21Mb
chr9	141203431	141213431	q_telo
chr9	140213431	141213431	q_telo_1Mb
chrX	0	10000	p_telo
chrX	57632012	61632012	centro_pre_1Mb
chrX	58632012	61632012	centro
chrX	58632012	63632012	centro_post_2Mb
chrX	87632012	93632012	peak_after_centro_6Mb
chrX	155260560	160000000	q_telo
chrX	154260560	160000000	q_telo_pre_1Mb
chrY	0	10000	p_telo
chrY	10104553	13104553	centro
chrY	59363566	59373566	q_telo
chrY	0	70000000	all_chrY
